<?xml version="1.0" encoding="UTF-8"?>
<!DOCTYPE mapper PUBLIC "-//mybatis.org//DTD Mapper 3.0//EN" "http://mybatis.org/dtd/mybatis-3-mapper.dtd">
<mapper namespace="com.lkf.dao.UserMapper">
  <resultMap id="BaseResultMap" type="com.lkf.pojo.User">
    <id column="Username" jdbcType="CHAR" property="username" />
    <result column="Password" jdbcType="CHAR" property="password" />
  </resultMap>
  <sql id="Base_Column_List">
    Username, Password
  </sql>
  <select id="selectByPrimaryKey" parameterType="java.lang.String" resultMap="BaseResultMap">
    select 
    <include refid="Base_Column_List" />
    from login
    where Username = #{username,jdbcType=CHAR}
  </select>
  <delete id="deleteByPrimaryKey" parameterType="java.lang.String">
    delete from login
    where Username = #{username,jdbcType=CHAR}
  </delete>
  <insert id="insert" parameterType="com.lkf.pojo.User">
    insert into login (Username, Password)
    values (#{username,jdbcType=CHAR}, #{password,jdbcType=CHAR})
  </insert>
  <insert id="insertSelective" parameterType="com.lkf.pojo.User">
    insert into login
    <trim prefix="(" suffix=")" suffixOverrides=",">
      <if test="username != null">
        Username,
      </if>
      <if test="password != null">
        Password,
      </if>
    </trim>
    <trim prefix="values (" suffix=")" suffixOverrides=",">
      <if test="username != null">
        #{username,jdbcType=CHAR},
      </if>
      <if test="password != null">
        #{password,jdbcType=CHAR},
      </if>
    </trim>
  </insert>
  <update id="updateByPrimaryKeySelective" parameterType="com.lkf.pojo.User">
    update login
    <set>
      <if test="password != null">
        Password = #{password,jdbcType=CHAR},
      </if>
    </set>
    where Username = #{username,jdbcType=CHAR}
  </update>
  <update id="updateByPrimaryKey" parameterType="com.lkf.pojo.User">
    update login
    set Password = #{password,jdbcType=CHAR}
    where Username = #{username,jdbcType=CHAR}
  </update>


</mapper>